{
    "method": "ERM",
    "true_params": {
        "alpha": 1,
        "beta": 10,
        "mu": [
            0.8,
            0.8,
            0.8,
            0.8,
            0.8,
            0.8,
            0.8,
            0.8,
            0.8,
            0.8,
            0.8,
            0.8,
            0.8,
            0.8,
            0.8,
            0.8,
            0.8,
            0.8,
            0.8,
            0.8
        ],
        "weights": [
            0.41604120987073673,
            0.24004164267913417,
            0.29503531176064385,
            0.37930573209651014,
            0.35814361174238996,
            0.0,
            0.0,
            0.0,
            0.0,
            0.0
        ]
    },
    "estimated_params": {
        "alpha_per_env": [
            1.0000000000246676,
            1.0000000000246676,
            1.0000000000246676,
            1.0000000000246676,
            1.0000000000246676
        ],
        "beta_per_env": [
            20.0,
            20.0,
            20.0,
            20.0,
            20.0
        ],
        "mu_per_env": [
            [
                0.9310589974764476,
                0.3507857475305855,
                0.4562953072647838,
                0.49037290860411603,
                0.9743717405369712,
                0.9192367978980358,
                0.7617876421440601,
                0.9577700850603259,
                0.34727962638286286,
                0.9072519458456407,
                0.3861266998989672,
                0.45981558954874346,
                0.3172963493790064,
                0.32395042193557566,
                0.41104054814304275,
                0.4548432628257033,
                0.8055346510465771,
                0.9008386637545023,
                0.3721517132493901,
                0.7458947179774086
            ],
            [
                0.6091931964145962,
                0.5236606252034097,
                0.5486359958909945,
                0.7865935292607069,
                0.9907298916468572,
                0.8525506696695739,
                0.7173526096585948,
                0.9194552759174401,
                0.8371013159650165,
                0.9311630666895483,
                0.9813621341151535,
                0.9643768256621799,
                0.7722243722745527,
                0.6511499149660818,
                0.870892081601456,
                0.33784831733816956,
                0.8186357097202903,
                0.8598606559939954,
                0.3310987822922424,
                0.3828065007597996
            ],
            [
                0.3896605603639606,
                0.7597553730630067,
                0.7134315901175261,
                0.9993811104144545,
                0.5786592777236468,
                0.7506667443896846,
                0.9964705520122086,
                0.5015684628382829,
                0.9760519518534239,
                0.9590033903543369,
                0.5828495410382959,
                0.7364645033229702,
                0.687391262961452,
                0.4410173417941863,
                0.7478449378824117,
                0.751627404740843,
                0.5740264398868089,
                0.5787031411509387,
                0.7759144979698107,
                0.9586255517841498
            ],
            [
                0.6410524370090508,
                0.613244712758753,
                0.5821091344368097,
                0.361195584451339,
                0.9996540006361441,
                0.7899707158412161,
                0.533227877875001,
                0.5860452376466804,
                0.31818798269077986,
                0.8256386042046688,
                0.77122046953084,
                0.8474512382472204,
                0.40883856012431086,
                0.3363923087600962,
                0.33344899859778454,
                0.7100010909172793,
                0.6365361567958137,
                0.4267644896777535,
                0.8033400309330327,
                0.7351435067995881
            ],
            [
                0.3116817397437414,
                0.3476142650857892,
                0.9956410753759053,
                0.9547364151144846,
                0.8758577489215282,
                0.4460782382080882,
                0.7131989634642024,
                0.7383693328869986,
                0.9379355113154972,
                0.7629523101126463,
                0.6696564989274083,
                0.9774551124904642,
                0.9477893082570659,
                0.814331788430732,
                0.5045701629935889,
                0.37861070277506187,
                0.8708590805092549,
                0.9853499197789348,
                0.7886930107577503,
                0.6595251415836789
            ]
        ],
        "avg_alpha": 1.0000000000246676,
        "avg_beta": 20.0,
        "avg_mus": [
            0.5765293862015594,
            0.5190121447283088,
            0.6592226206172039,
            0.7184559095690202,
            0.8838545318930295,
            0.7517006332013196,
            0.7444075290308134,
            0.7406416788699456,
            0.6833112776415161,
            0.8772018634413682,
            0.678243068702133,
            0.7971126538543156,
            0.6267079705992775,
            0.5133683551773344,
            0.5735593458436569,
            0.5265861557194114,
            0.741118407591749,
            0.7503033740712249,
            0.6142396070404453,
            0.696399083780925
        ],
        "scaled_coefficients": [
            -0.00016905238772502902,
            -0.00026151090797858626,
            0.0002515662981330814,
            -0.0006053774171492772,
            -9.680947619558256e-05,
            0.001042472012994161,
            0.0011381249034760794,
            0.0010026718657924502,
            0.0007041963265463304,
            0.0018512331817258398
        ]
    },
    "convergence_metrics": {
        "final_iteration": 7,
        "alpha_delta": [
            0.0,
            0.0,
            0.0,
            0.0,
            0.0,
            0.0
        ],
        "beta_delta": [
            0.0,
            0.0,
            0.0,
            0.0,
            0.0,
            0.0
        ],
        "mus_delta": [
            0.21080787317456035,
            0.0,
            0.0,
            0.0,
            0.0,
            0.0
        ],
        "theta_delta": [
            0.003979020570042331,
            7.943301609307025e-05,
            3.8122928647256204e-06,
            3.340808919271054e-07,
            3.6524223747755794e-08,
            4.189100773362574e-09
        ]
    },
    "mse_metrics": {
        "alpha_mse": 6.08490553645953e-22,
        "beta_mse": 100.0,
        "mus_mse": 0.024757200691240554,
        "weights_mse": 0.05905500055326683
    }
}