{
  "trials": [
    {
      "trial_id": "20241129_103729",
      "mse_metrics": {
        "alpha_mse": 0.0686605469134371,
        "beta_mse": 0.6619966143704228,
        "mus_mse": 0.07349610092945849,
        "weights_mse": 0.11939741299450823
      },
      "final_params": {
        "avg_alpha": 1.762031576176302,
        "avg_beta": 2.8136317437086773,
        "avg_mus_mean": 0.7104842208992934,
        "weights_mean": -0.015370920300483704
      },
      "convergence_metrics": {
        "final_iteration": 30,
        "final_deltas": {
          "alpha": 0.12164788848568531,
          "beta": 0.829907926728949,
          "mus": 0.015072758752351515,
          "R0": 0.09548360109329224
        }
      }
    },
    {
      "trial_id": "20241129_104725",
      "mse_metrics": {
        "alpha_mse": 0.10470107741781916,
        "beta_mse": 0.7595738503673548,
        "mus_mse": 0.05586509310445087,
        "weights_mse": 0.22943292639476667
      },
      "final_params": {
        "avg_alpha": 1.8235754586148634,
        "avg_beta": 2.871535340859655,
        "avg_mus_mean": 0.6933298692866365,
        "weights_mean": 0.0024782903492450714
      },
      "convergence_metrics": {
        "final_iteration": 30,
        "final_deltas": {
          "alpha": 0.38371403436695817,
          "beta": 1.268049708997562,
          "mus": 0.012017543546630894,
          "R0": 0.09606561809778214
        }
      }
    },
    {
      "trial_id": "20241129_105646",
      "mse_metrics": {
        "alpha_mse": 0.14750318339672533,
        "beta_mse": 0.5290119593014028,
        "mus_mse": 0.06142038005912357,
        "weights_mse": 0.14743418451486823
      },
      "final_params": {
        "avg_alpha": 1.884061431800598,
        "avg_beta": 2.727332083233926,
        "avg_mus_mean": 0.6705021568012539,
        "weights_mean": 0.0033158157020807266
      },
      "convergence_metrics": {
        "final_iteration": 30,
        "final_deltas": {
          "alpha": 0.36151173520533075,
          "beta": 0.3969065872152086,
          "mus": 0.01724924814879689,
          "R0": 0.10802888870239258
        }
      }
    },
    {
      "trial_id": "20241129_110510",
      "mse_metrics": {
        "alpha_mse": 0.086783354476005,
        "beta_mse": 0.649786740584315,
        "mus_mse": 0.07866490226848286,
        "weights_mse": 0.1279015891255201
      },
      "final_params": {
        "avg_alpha": 1.7945901466037264,
        "avg_beta": 2.806093506104791,
        "avg_mus_mean": 0.6928229734993868,
        "weights_mean": 0.0012407982721924782
      },
      "convergence_metrics": {
        "final_iteration": 30,
        "final_deltas": {
          "alpha": 0.08833604246833324,
          "beta": 0.8038004584859745,
          "mus": 0.010722416519489637,
          "R0": 0.08408041298389435
        }
      }
    },
    {
      "trial_id": "20241129_111327",
      "mse_metrics": {
        "alpha_mse": 0.08191450019802109,
        "beta_mse": 0.6567054833216809,
        "mus_mse": 0.07648460082634083,
        "weights_mse": 0.17769764887698578
      },
      "final_params": {
        "avg_alpha": 1.7862070932000482,
        "avg_beta": 2.8103736689464194,
        "avg_mus_mean": 0.7196609938143452,
        "weights_mean": 0.0043395450338721275
      },
      "convergence_metrics": {
        "final_iteration": 30,
        "final_deltas": {
          "alpha": 0.07914969381311894,
          "beta": 0.7703857470671035,
          "mus": 0.018547400288885015,
          "R0": 0.14354035258293152
        }
      }
    },
    {
      "trial_id": "20241129_112141",
      "mse_metrics": {
        "alpha_mse": 0.12110253003390721,
        "beta_mse": 0.46293208814063935,
        "mus_mse": 0.08907105030759477,
        "weights_mse": 0.11132400991805355
      },
      "final_params": {
        "avg_alpha": 1.8479978879733427,
        "avg_beta": 2.6803911287933135,
        "avg_mus_mean": 0.7285126641966516,
        "weights_mean": -0.00748952804133296
      },
      "convergence_metrics": {
        "final_iteration": 30,
        "final_deltas": {
          "alpha": 0.10529585236726363,
          "beta": 0.719295964600632,
          "mus": 0.006813609711212896,
          "R0": 0.03883105888962746
        }
      }
    },
    {
      "trial_id": "20241129_112953",
      "mse_metrics": {
        "alpha_mse": 0.039192114843108104,
        "beta_mse": 0.9266770568144781,
        "mus_mse": 0.06450323211240273,
        "weights_mse": 0.1804532856159123
      },
      "final_params": {
        "avg_alpha": 1.6979699847025,
        "avg_beta": 2.962640668585365,
        "avg_mus_mean": 0.6935325051906858,
        "weights_mean": -0.006006250157952309
      },
      "convergence_metrics": {
        "final_iteration": 30,
        "final_deltas": {
          "alpha": 0.4103450950075988,
          "beta": 1.1977019141131635,
          "mus": 0.012557768764664003,
          "R0": 0.14688120782375336
        }
      }
    },
    {
      "trial_id": "20241129_113801",
      "mse_metrics": {
        "alpha_mse": 0.16549281136158273,
        "beta_mse": 0.568087149702757,
        "mus_mse": 0.07696842900246212,
        "weights_mse": 0.06537086437518393
      },
      "final_params": {
        "avg_alpha": 1.9068080768145867,
        "avg_beta": 2.753715562863576,
        "avg_mus_mean": 0.7250667233279913,
        "weights_mean": 0.007489314768463373
      },
      "convergence_metrics": {
        "final_iteration": 30,
        "final_deltas": {
          "alpha": 0.08445470727289316,
          "beta": 0.7296745978647765,
          "mus": 0.005474975736540106,
          "R0": 0.028943713754415512
        }
      }
    },
    {
      "trial_id": "20241129_114614",
      "mse_metrics": {
        "alpha_mse": 0.11915621847128549,
        "beta_mse": 0.5022117002265649,
        "mus_mse": 0.059762162035113434,
        "weights_mse": 0.11202502551339515
      },
      "final_params": {
        "avg_alpha": 1.8451901193129454,
        "avg_beta": 2.708668963781091,
        "avg_mus_mean": 0.6772246157755097,
        "weights_mean": -0.007396843284368515
      },
      "convergence_metrics": {
        "final_iteration": 30,
        "final_deltas": {
          "alpha": 0.16101183049585377,
          "beta": 0.7087371400177651,
          "mus": 0.01384317265763848,
          "R0": 0.09902007132768631
        }
      }
    },
    {
      "trial_id": "20241129_115424",
      "mse_metrics": {
        "alpha_mse": 0.11175579398808273,
        "beta_mse": 0.7045619499422066,
        "mus_mse": 0.06982395879519651,
        "weights_mse": 0.09488091040313985
      },
      "final_params": {
        "avg_alpha": 1.8342989589994003,
        "avg_beta": 2.8393818856409796,
        "avg_mus_mean": 0.6937752245544868,
        "weights_mean": -0.002574758604168892
      },
      "convergence_metrics": {
        "final_iteration": 30,
        "final_deltas": {
          "alpha": 0.11409668753655659,
          "beta": 0.686934021572603,
          "mus": 0.015154910449469818,
          "R0": 0.11570898443460464
        }
      }
    },
    {
      "trial_id": "20241129_120242",
      "mse_metrics": {
        "alpha_mse": 0.11211098790385285,
        "beta_mse": 0.7277702356741632,
        "mus_mse": 0.06672169066219893,
        "weights_mse": 0.0999278426945904
      },
      "final_params": {
        "avg_alpha": 1.8348297894510774,
        "avg_beta": 2.8530945057109225,
        "avg_mus_mean": 0.6972735228155285,
        "weights_mean": -0.00041186343878507614
      },
      "convergence_metrics": {
        "final_iteration": 30,
        "final_deltas": {
          "alpha": 0.07855086232033114,
          "beta": 0.6754207625308566,
          "mus": 0.01792918321854024,
          "R0": 0.12443265318870544
        }
      }
    },
    {
      "trial_id": "20241129_121057",
      "mse_metrics": {
        "alpha_mse": 0.14562328719699602,
        "beta_mse": 0.4567998319948477,
        "mus_mse": 0.05996077177413876,